product_id,product_category_name,total_revenue
bb50f2e236e5eea0100680137654686c,beleza_saude,63885.0
6cdd53843498f92890544667809f1595,beleza_saude,54730.200000000106
d6160fb7873f184099d9bc95e30376af,pcs,48899.34
d1c427060a0f73f6b889a5c7c61f2ac4,informatica_acessorios,47214.50999999998
99a4788cb24856965c36a24e339b6058,cama_mesa_banho,43025.56000000037
